,formula,pvalue,rho
0,Temperature vs Rainfall,0.007559443505781198,-0.04409195100749961
1,Temperature vs Relative Humidity,2.399354417380243e-212,-0.4815300356369952
2,Temperature vs Gust Speed,2.2984127391377515e-87,0.318642677137013
3,Temperature vs Wind Speed,1.4705806280992333e-118,0.3687563628788791
4,Temperature vs Wind Direction,2.6420446608852675e-47,0.23522441070523029
